time,open,high,low,close,50d,200d,RS,Z of ROC
2024-01-16,1508787245,1538203102,1427151138,1437778573,,,0.09004595492182002,
2024-01-25,1422087250,1423956371,1282147180,1297006942,,,0.0897580307058476,
2024-01-26,1296920662,1333487071,1274396103,1324811744,,,0.08489472269213708,
2024-01-29,1467650713,1741608988,1461310887,1720116070,,,0.10025189033204984,
2024-01-30,1720056166,1815646361,1668909252,1700709857,,,0.10681821300534936,
2024-01-31,1700754303,1802914007,1634301230,1671873101,,,0.10651389711744756,
2024-02-01,1770524137,1825542659,1668849588,1777475131,,,0.11090258045730864,
2024-02-02,1777573777,1799311530,1684759349,1704341274,,,0.1085644601531875,
2024-02-03,1704501889,1729922198,1617731972,1674970551,,,0.10465477903002421,
2024-02-04,1675176537,1794490372,1659559908,1706982725,,,0.10720189910208891,
2024-02-05,1706981994,1933040354,1670296668,1836227391,,,0.11200994605537164,
2024-02-06,1836285661,1879794585,1759454493,1767926421,,,0.1130498029236106,
2024-02-07,1767875684,1818047495,1732536675,1796628319,,,0.1092778522291524,
2024-02-08,1796492652,1849585649,1753314283,1779022385,,,0.10776209159103597,
2024-02-09,1779213198,2106798842,1772035985,2054817141,,,0.1128743666191827,
2024-02-10,2054255178,2114444437,1982958824,2019593403,,,0.11745132545221493,
2024-02-11,2019621361,2095325300,1957121240,1976165285,,,0.11465822185828352,
2024-02-12,1976172152,2133221773,1969920473,2054714486,,,0.11386341655498934,
2024-02-13,2054752801,2191245961,2017532143,2164963601,,,0.11646351074819804,
2024-02-14,2164806003,2300210663,2115168770,2223417489,,,0.1192930612971221,
2024-02-15,2223422722,2271252655,2124903411,2173503726,,,0.11601942364302417,
2024-02-16,2173632885,2194572533,2036689018,2109204797,,,0.11206137626212252,
2024-02-17,2109228188,2116362079,1986971683,2062009070,,,0.10973551446963868,
2024-02-18,2062267110,2117134802,2021827083,2098769060,,,0.10921975192768564,
2024-02-19,2098823172,2137290754,2025899388,2068365327,,,0.1083917293999177,
2024-02-20,2068365327,2073348375,1889767031,2002277966,,,0.10445053164318302,
2024-02-21,2002252310,2007670111,1888983882,1973506550,,,0.10282513121350556,
2024-02-22,1973500290,2065629458,1911811732,2004157140,,,0.10413358741977193,
2024-02-23,2003962806,2035917514,1824091117,1867877820,,,0.10206844657964416,
2024-02-24,1868009314,1940660368,1810754969,1907079575,,,0.09894733795254708,
2024-02-25,1907084976,1927042373,1880853132,1918385593,,,0.0989017238050896,
2024-02-26,1918257316,2000563791,1841025218,1947786465,,,0.0974606962894298,
2024-02-27,1947786465,1988640785,1911434138,1983079738,,,0.09513796627260739,
2024-02-28,1884377356,2004926256,1850074106,1934455565,,,0.08871752166050426,
2024-02-29,1847180309,2000473962,1832696927,1956309669,,,0.08587454033920455,
2024-03-01,2066075469,2147373062,2037256016,2081323105,,,0.0932447959431849,
2024-03-02,2081230786,2090911946,1956351996,1996826864,,,0.08961930307267255,
2024-03-03,1996847395,2005275445,1749653543,1919849677,,,0.08406334222514154,
2024-03-04,1919849677,1958693778,1765821031,1830649919,,,0.07881290619490092,
2024-03-05,1830428255,1952900788,1453576074,1720931665,,,0.07402541878683364,
2024-03-06,1720931665,1859654452,1674347080,1817436951,,,0.07444333131384871,
2024-03-07,1817457483,1990534565,1811971767,1946430364,,,0.07724019295998841,
2024-03-08,1946351191,1974720055,1802918042,1903192937,,,0.07647219862335249,
2024-03-09,1903213481,2059528272,1874354355,1953757100,,,0.07740438209732396,
2024-03-10,1953781768,2036616333,1871680139,1917689862,,,0.07688248117334216,
2024-03-11,1917669305,1961200256,1823467889,1936255458,,,0.07419083379648633,
2024-03-12,1936255458,2011699636,1765195811,1968689289,,,0.07352378925867553,
2024-03-13,1968674530,2087508338,1938369090,1995659044,,,0.07534587334537876,
2024-03-14,1995675661,2044234329,1814613400,1930674753,,,0.07385096895324121,
2024-03-15,1930604381,1946491873,1652583697,1836131966,1884502604.53,,0.07176934627000764,
2024-03-16,1836131966,2112829920,1828391703,2010339621,1893881470.29,,0.0783689191277871,
2024-03-17,2010216517,2014001697,1771003424,1986876613,1905665972.83,,0.07929987118114173,
2024-03-18,1986876613,2154670035,1867717068,1873844128,1918933434.15,,0.07931274477112464,
2024-03-19,1874049113,2136067277,1761641478,2027076420,1925974172.3,,0.08247011272017321,
2024-03-20,2027076420,2189287980,1848214854,2157109121,1932556005.995,,0.08718144295808414,
2024-03-21,2157091556,2394391779,2142621366,2248731545,1943220974.02,,0.09151081061025024,
2024-03-22,2248731545,2253772740,2073403177,2130570286,1951541405.185,,0.09131809041363935,
2024-03-23,2130959957,2138958368,2022601423,2025292317,1958300535.86,,0.08771967016094306,
2024-03-24,2025271798,2091289247,1994415756,2066306561,1965551319.62,,0.08456307945520829,
2024-03-25,2066306561,2149018748,2039639366,2097158701,1973130888.79,,0.08295307283811192,
2024-03-26,2097158701,2331787995,2089567687,2321777134,1981599614.34,,0.08610166060724911,
2024-03-27,2321777134,2684215084,2284967678,2554703086,1994610623.45,,0.09651068643079454,
2024-03-28,2554694285,2662080407,2411241134,2487567264,2009613098.035,,0.09896180996189737,
2024-03-29,2487567264,2642109387,2342229332,2342708233,2022794094.27,,0.09571802058608969,
2024-03-30,2342739511,2406827829,2302369283,2315881142,2031068857.265,,0.09156897350231642,
2024-03-31,2315881142,2370566266,2297724332,2356920816,2036918060.835,,0.09040752918818468,
2024-04-01,2481368250,2624302567,2343001027,2513689769,2046488702.97,,0.09717685382294447,
2024-04-02,2513689769,2598450758,2240019729,2247104630,2053814882.98,,0.09772954123612353,
2024-04-03,2247104630,2285921777,2121431617,2161874395,2055754072.545,,0.09196725841462511,
2024-04-04,2161878788,2258970979,2150642415,2182541212,2055506224.89,,0.08978829945669128,
2024-04-05,2182541212,2183004069,1999520619,2084680849,2053789546.065,,0.08637033398749999,
2024-04-06,2084516127,2130624314,2075059649,2106397061,2053202035.655,,0.08500020728065753,
2024-04-07,2106478080,2161708611,2096953516,2128211514,2054295939.16,,0.08477108100197663,
2024-04-08,2128211514,2231649087,2098425271,2215883810,2056166797.295,,0.08460832711658274,
2024-04-09,2215945314,2227080386,2037167075,2040996050,2057120848.215,,0.08347237766753136,
2024-04-10,2041037778,2052230660,1893505084,1971245306,2056742148.86,,0.07908439258990982,
2024-04-11,1971263812,2021074234,1912416913,1931530747,2056561513.125,,0.07710045133170385,
2024-04-12,1931530747,1962509168,1368901439,1606911926,2051135286.425,,0.0704242884185761,
2024-04-13,1606893679,1615473986,1151937093,1376240790,2041228767.88,,0.06304138149094714,
2024-04-14,1376240790,1567070070,1330815310,1555018342,2032741969.31,,0.06431179203171535,
2024-04-15,1555045336,1683174742,1447371332,1519651636,2025601354.17,,0.06769470153863812,
2024-04-16,1519651636,1598163787,1434000117,1586374065,2017754138.245,,0.06849486723390694,
2024-04-17,1586374065,1759113039,1526381265,1633301482,2011125281.87,,0.07357964034689267,
2024-04-18,1633234497,1668359712,1554019163,1626352780,2005165946.215,,0.07322000344703429,
2024-04-19,1626389804,1802338403,1472533708,1728399747,2000130950.19,,0.07418336977532784,
2024-04-20,1728399747,1860327661,1691867157,1850517091,1994126370.21,,0.07789945248256921,
2024-04-21,1850517091,1872773149,1738942203,1776642582,1989694137.375,,0.07793676464923203,
2024-04-22,1776691904,1865526442,1755527539,1804898975,1987349231.375,,0.0766296921371655,
2024-04-23,1804898975,1836705282,1698852623,1718951342,1985271200.46,,0.07409161402614715,
2024-04-24,1718923882,1747764726,1603304538,1620772110,1983935842.83,,0.07131322370477243,
2024-04-25,1620664110,1639023768,1538699599,1585870840,1980495283.675,,0.06928885500931983,
2024-04-26,1585741328,1593329375,1505585597,1521432101,1973693754.785,,0.06755699967789312,
2024-04-27,1521413919,1596024889,1453216612,1569121521,1966256728.365,,0.06730492882733692,
2024-04-28,1569121521,1631114169,1561587228,1576858869,1958995871.26,,0.06899789000913914,
2024-04-29,1576840364,1594962470,1511915195,1544333258,1951237287.185,,0.06834252087818783,
2024-04-30,1544363103,1561890857,1390950801,1481697688,1942938834.89,,0.06713193166929625,
2024-05-01,1481627087,1510253771,1386010527,1485739423,1933847787.96,,0.06865258304260836,
2024-05-02,2681799070,2710421557,2552785361,2618764564,1946715585.71,,0.1241463490274428,
2024-05-03,2618776243,2679463780,2502227942,2601350297,1959798686.305,,0.11792466599925323,
2024-05-04,2601327981,2630390120,2522158330,2552696144,1974502489.595,,0.11303406225753813,
2024-05-05,2552852150,2623468466,2465796430,2562968671,1986589452.13,,0.1114232152978993,
2024-05-06,2562876926,2693485352,2525211822,2557328348,1999373473.115,,0.11267123154997101,
2024-05-07,2557513037,2677926869,2516369566,2526084010,2011347401.305,,0.11360363508984593,
2024-05-08,2526132855,2533332438,2351183671,2363805524,2021225502.305,,0.11009160337425108,
2024-05-09,2363817535,2431667703,2277443859,2399060906,2027477010.445,,0.1061430812618749,
2024-05-10,2399187836,2594114953,2344135832,2357179484,2031235919.74,,0.10887793748010016,
2024-05-11,2357151114,2414479038,2317477510,2325410321,2034776120.915,,0.10736297867979475,
2024-05-12,2325351853,2386662456,2319389146,2347298232,2040080569.025,,0.10664637455597298,
2024-05-13,2347501847,2372389640,2205177548,2266808948,2045153542.13,,0.10361479824441326,
2024-05-14,2266879092,2283342322,2070583605,2095968549,2046976793.09,,0.09855488107928588,
2024-05-15,2095842549,2399515192,2072748368,2319710049,2047214416.295,,0.09847941352998438,
2024-05-16,2319658093,2513338320,2283411853,2396189579,2045549090.61,,0.10293538091903873,
2024-05-17,2396189579,2592604929,2364296961,2515613678,2044314700.895,,0.10581346810200323,
2024-05-18,2516454980,2548501222,2461259826,2529843668,2045521928.295,,0.10629552430708603,
2024-05-19,2529862611,2548594234,2383155646,2402996642,2048005885.135,,0.10488481574139649,
2024-05-20,2403053462,2682529580,2358944104,2682147435,2051933795.26,,0.10374734719915414,
2024-05-21,2682268042,2741616653,2618498237,2668896329,2055678383.5,,0.10533436659805867,
2024-05-22,2668488604,2699472962,2528816887,2584979245,2060090847.56,,0.10391070626464313,
2024-05-23,2585036946,2650104357,2360202323,2516817155,2066569989.37,,0.10174054497461538,
2024-05-24,2516829630,2538112329,2412801976,2496181096,2072619447.555,,0.100756557365349,
2024-05-25,2496179150,2532638592,2458395882,2485497055,2080234267.205,,0.09993777682140371,
2024-05-26,2485497055,2502164435,2393199774,2436210835,2087336641.945,,0.09821353828519899,
2024-05-27,2436417748,2532157677,2411583023,2512259445,2094331972.805,,0.09817545135696654,
2024-05-28,2512259787,2514541870,2372300395,2408155863,2099997413.97,,0.09781809496763663,
2024-05-29,2408180906,2415327834,2404721634,2405326284,2105559253.135,,0.0968812920734471,
2024-05-30,2375415103,2418708958,2290568869,2366585772,2113025552.505,,0.09574998864925195,
2024-05-31,2366641837,2417023202,2327432157,2392826911,2121363744.51,,0.09650299266007821,
2024-06-01,2481782706,2511693834,2449506132,2481898475,2136638883.845,,0.10084958416060799,
2024-06-02,2481930791,2517657543,2444905205,2464080267,2157429025.135,,0.10055736556888847,
2024-06-03,2464080267,2560159743,2457863271,2521341856,2178300528.26,,0.10076200841712613,
2024-06-04,2521106770,2561332650,2455742222,2556973182,2197750087.15,,0.10027230520824588,
2024-06-05,2556973182,2679950997,2539117084,2678804897,2219333369.925,,0.10194463191889062,
2024-06-06,2678680528,2756285730,2635455841,2700811351,2240663687.92,,0.10507470065164277,
2024-06-07,2700823111,2839719955,2399216054,2621644663,2261060876.075,,0.10501028165495635,
2024-06-08,2621666134,2839050700,2581876773,2678098222,2281516026.91,,0.10814980865154755,
2024-06-09,2677681920,2739019898,2581954368,2653149556,2299119497.34,,0.10742769799196367,
2024-06-10,2653303698,2659303227,2503342212,2508075039,2314545243.095,,0.10422654719601776,
2024-06-11,2508000580,2530277579,2378967071,2406545275,2327650971.32,,0.10180459019299827,
2024-06-12,2406588115,2557555180,2330403835,2470849381,2341180912.765,,0.1012010564223863,
2024-06-13,2470853214,2475080646,2324818427,2342854296,2355795119.4,,0.1004986655938847,
2024-06-14,2342725070,2432175510,2189088157,2254912447,2369968333.735,,0.09809993590789827,
2024-06-15,2254728079,2326202021,2245967155,2289720653,2384520981.27,,0.09681255892742271,
2024-06-16,2289762257,2351755900,2238854974,2351479494,2399981359.69,,0.09724261763533748,
2024-06-17,2351429256,2387778625,2092325615,2159950625,2413245371.36,,0.09529390440125551,
2024-06-18,2159950625,2168350253,1838250274,1940486179,2422640301.58,,0.0875652038156663,
2024-06-19,1940322097,2123621190,1919218372,2098810924,2433155652.25,,0.08737330270537173,
2024-06-20,2098737149,2240473373,2083463079,2168561655,2446793674.49,,0.09257255605465305,
2024-06-21,2168521551,2231380489,2100628416,2229956022,2437627254.12,,0.09516693863406864,
2024-06-22,2229728957,2241487811,2152657122,2160029458,2429537679.55,,0.09588980703231548,
2024-06-23,2160134427,2287047300,2128628688,2136565041,2421566693.955,,0.09582804574586322,
2024-06-24,2136121004,2177774665,1961949469,2169679513,2412768888.625,,0.09581192615353105,
2024-06-25,2169653536,2198080929,2108602983,2129867123,2404105399.24,,0.09749630553547567,
2024-06-26,2129842878,2159301166,1992068204,2012258595,2394183286.045,,0.09355922103402932,
2024-06-27,2012015068,2112030212,2002358649,2027547380,2386080770.15,,0.09171397665907235,
2024-06-28,2027951386,2045707768,1907004210,1915819541,2378203234.66,,0.08904907110400351,
2024-06-29,1915912986,1951517547,1890886856,1895066342,2367997062.79,,0.08707455408507239,
2024-06-30,1895215664,1998030015,1873823783,1986292086,2359691280.615,,0.08706441048285662,
2024-07-01,1986352640,2023561012,1951782463,1960158865,2352407047.08,,0.08752457174913224,
2024-07-02,2029707146,2099336022,2007702659,2071754450,2347490158.55,,0.09102146023484621,
2024-07-03,2071733611,2082118405,1927366693,1946544044,2344045104.475,,0.09104793967500119,
2024-07-04,1946510599,1965628737,1681219255,1689826479,2336021949.035,,0.08640527444395746,
2024-07-05,1690234255,1694677646,1446255891,1616858207,2320699089.805,,0.08019740724481003,
2024-07-06,1616858207,1758867540,1608008083,1743037157,2304989419.005,,0.08175079330417716,
2024-07-07,1743027518,1752934905,1600579573,1607837926,2288231020.135,,0.08187303897222238,
2024-07-08,1607875881,1750145029,1539973857,1691645212,2271856174.365,,0.0815664220712921,
2024-07-09,1691574579,1896685804,1675372598,1866331603,2256872624.38,,0.08639988985107303,
2024-07-10,1866265971,1927556880,1807480699,1853489143,2240590191.54,,0.08922633052597898,
2024-07-11,1853535395,1955131516,1830204899,1898685703,2225869190.615,,0.09017094342830895,
2024-07-12,1898677898,1938273816,1836473819,1879812709,2213074577.92,,0.09066971716654154,
2024-07-13,1879659612,1927021473,1867086162,1904389341,2201145735.705,,0.08930863185772986,
2024-07-14,1904379395,2058479905,1903545018,2028300028,2190755704.04,,0.09108937667459775,
2024-07-15,2028575811,2134399147,1993469240,2121251783,2183058823.45,,0.0916966966399472,
2024-07-16,2121204262,2219920480,2051260335,2179884883,2176458083.785,,0.0927267438249257,
2024-07-17,2179955574,2240710684,2108874737,2110400123,2170621499.8,,0.0930769920411333,
2024-07-18,2110681794,2150444917,1978445843,2036911216,2163836135.36,,0.08998263369753098,
2024-07-19,2036955353,2166381989,2001621293,2145017384,2158329621.945,,0.08948148683606319,
2024-07-20,2144970498,2239246426,2120174367,2137308828,2154018502.005,,0.09058284293228624,
2024-07-21,2137270725,2160069630,2038891160,2158787459,2146869191.14,,0.0884989004222757,
2024-07-22,2158821690,2265194321,2076023926,2089030699,2140271675.29,,0.0892989116704064,
2024-07-23,2089029438,2126608593,2011786244,2046898152,2131626061.74,,0.08733183288354632,
2024-07-24,2046757425,2075063486,1922113831,1936565230,2121052787.48,,0.08523966607939971,
2024-07-25,1936561366,1937719519,1784999528,1883446855,2106492193.02,,0.0821786140632618,
2024-07-26,1883438660,1992053691,1875479132,1976924327,2091275504.82,,0.08274190899709179,
2024-07-27,1976886096,2007125600,1919155798,1970926778,2077838957.265,,0.08308049939229704,
2024-07-28,1970833982,1970872806,1867995147,1883512629,2062701570.94,,0.08137014899247538,
2024-07-29,1883507876,1971377029,1849723965,1859135726,2047261265.21,,0.07971423402100289,
2024-07-30,1859101331,1886332528,1743745580,1747231885,2031823200.95,,0.0775432022662114,
2024-07-31,1777897048,1823931377,1742885001,1776174584,2018308688.475,,0.07710391388084643,
2024-08-01,1835449984,1862894392,1708294109,1806431242,2005547054.555,,0.07968126900940478,
2024-08-02,1806380845,1816889869,1647051259,1655361572,1992107439.365,,0.07818005822825995,
2024-08-03,1655220080,1694789097,1540437899,1582425633,1978377296.99,,0.0761378746690153,
2024-08-04,1582558521,1633364589,1463722365,1498559288,1963685231.265,,0.07516033540274497,
2024-08-05,1498716401,1507978013,1201141373,1387394496,1945502119.555,,0.07373949867669853,
2024-08-06,1387761770,1598051571,1387676530,1561274813,1930218522.37,,0.07745765010054316,
2024-08-07,1561271459,1684622193,1534761426,1600390533,1921588563.77,,0.08252537655470242,
2024-08-08,1600475934,2238265533,1558437781,2212423567,1919226714.93,,0.09443707937931987,
2024-08-09,2212745843,2282296288,2142894617,2220080829,1920560626.535,,0.10593140030077672,
2024-08-10,2220453560,2486662766,2203501523,2386562654,1923394096.66,,0.11145959337713453,
2024-08-11,2387076697,2415313832,2230809721,2268269398,1925981928.16,,0.11298832503322889,
2024-08-12,2268409873,2894763751,2267840865,2633828697,1932744266.81,2053329013.7225,0.12332699201789205,
2024-08-13,2633573182,2638975450,2424699333,2480054345,1941403155.105,2058660741.5375,0.12276758591331866,
2024-08-14,2480130849,2526050831,2301306863,2425649495,1947037822.44,2064045666.90625,0.11744772237776828,
2024-08-15,2425530929,2438624110,2139764739,2193979676,1951559965.495,2069006021.74875,0.11391634229624431,
2024-08-16,2194025471,2296155478,2094044018,2107733564,1954250001.605,2071882611.59,0.10772288565604686,
2024-08-17,2107713232,2208738511,2076088819,2150626803,1957483423.905,2073929918.75125,0.10465642485722725,
2024-08-18,2150395793,2224704539,2125872392,2139562027,1962419179.005,2076218283.88875,0.10558491599667724,
2024-08-19,2139824535,2378929257,2105355181,2339630603,1968471069.145,2078619968.965,0.10981040865353109,
2024-08-20,2339785426,2412678135,2249331718,2261442398,1975177982.63,2081491533.64875,0.1120556566012391,
2024-08-21,2261589962,2295453463,2164658360,2205306584,1978770523.09,2084241385.8475,0.1072906369489987,
2024-08-22,2205300452,2245839752,2166323033,2212166209,1982779856.555,2086733160.7275,0.1051341596952856,
2024-08-23,2212300707,2687594840,2210498702,2636596111,1995098883.005,2089983715.66875,0.11290278466275128,
2024-08-24,2636750965,2743508312,2561601149,2645220052,2015794155.4,2094163239.81625,0.11959744912486515,
2024-08-25,2645142118,2653005819,2492200532,2593534730,2034079716.46,2098249233.59875,0.11735516042806236,
2024-08-26,2593545285,2633050372,2405553320,2405778291,2050747453.19,2101823623.9725,0.11495712349276156,
2024-08-27,2405692768,2535626726,2162728640,2200316068,2064321074.305,2103812997.7675,0.11114884183630548,
2024-08-28,2200419553,2207237158,1982312139,2102203532,2071132113.295,2104214148.4425,0.10415996572410528,
2024-08-29,2102369378,2217728690,2060339829,2086122427,2076190951.45,2104737057.365,0.10314937108998354,
2024-08-30,2086149686,2172621745,1990259626,2159184463,2080544241.485,2105079790.66,0.10344441570690685,
2024-08-31,2159528107,2170169791,2036077137,2066416373,2084939007.315,2105084411.7875,0.10367363013135604,
2024-09-01,2133395474,2177041115,2028115601,2038532082,2088933645.735,2104551263.47125,0.10485043893818816,
2024-09-02,2038511039,2139402795,1987840283,2108676432,2090832276.75,2103902948.515,0.10336886328892957,
2024-09-03,2108987452,2243409216,2092134664,2104743298,2092190169.995,2103946917.76125,0.10653619883190886,
2024-09-04,2104523876,2232995260,2009346146,2167750535,2091901899.28,2104246973.7575,0.108125991310951,
2024-09-05,2167775081,2250113006,2090620112,2136179332,2091925631.345,2104677835.6025,0.11032136901828805,
2024-09-06,2136375446,2375718560,2115094243,2244611890,2094902213.19,2105354612.475,0.11712059702323625,
2024-09-07,2244523012,2457507337,2222430449,2387473645,2099712005.31,2106952332.155,0.12419462743163581,
2024-09-08,2387507131,2640527223,2369688652,2516169945,2106072969.47,2109504182.2775,0.1310568835328694,
2024-09-09,2516199717,2608253639,2398688835,2567907532,2114053123.215,2112174121.15625,0.1300327004273583,
2024-09-10,2567803906,2602311524,2438675853,2460603234,2121454742.62,2115096052.73125,0.12737563435231675,
2024-09-11,2460455758,2501528772,2324147112,2492887470,2128978226.045,2117911696.33875,0.12410423584116113,
2024-09-12,2492850002,2859783317,2486213634,2786392719,2142201924.545,2121651538.33625,0.13338857334640064,
2024-09-13,2785836323,2807077298,2661983876,2753826557,2159531908.475,2125777902.41625,0.13541432530136358,
2024-09-14,2753886106,2864926617,2693083818,2801239069,2176458107.475,2129880645.52125,0.1349770340413605,
2024-09-15,2801115635,3051743945,2790450154,2890740814,2194757888.855,2134705917.1025,0.14176017853418765,
2024-09-16,2890915678,3023983712,2743679971,2792488058,2213547153.13,2139473925.2925,0.14344618104257092,
2024-09-17,2792444090,3184222711,2730750274,3132703546,2234929033.255,2143859041.50375,0.14678033733708684,
2024-09-18,3133308620,3531236804,3062305816,3523965162,2265001058.645,2150265910.01625,0.16149839966930488,
2024-09-19,3524052572,3775468700,3508240491,3697073559,2301920795.205,2158807421.59375,0.1717628530577825,
2024-09-20,3696970391,4221631228,3620128013,3939939120,2343248790.33,2168811989.5275,0.1805863440299928,
2024-09-21,3939830327,4050311919,3845116935,3971462907,2387653983.045,2179873096.16,0.18297383470902606,
2024-09-22,3971298070,4372778492,3817397839,4245672386,2437325353.435,2191541566.95875,0.18957248652409786,
2024-09-23,4246862615,4411306643,4044551489,4114044935,2490518158.03,2203104531.3375,0.19334380175645743,
2024-09-24,4114083039,4803247284,4018320953,4668068347,2550560604.73,2215575203.085,0.20100051879197392,
2024-09-25,4668521526,4752818861,4473961759,4550810583,2613117344.955,2228894277.48625,0.21055076557538768,
2024-09-26,4550776477,4707593066,4296574476,4395069520,2670962184.595,2241607084.2825,0.20379226060290032,
2024-09-27,4394953416,4646471355,4332232021,4440984269,2721987375.825,2254327144.47375,0.19778618052900757,
2024-09-28,4440898711,4537114561,4309212014,4522824236,2766747535.55,2266987406.13375,0.19688775766287317,
2024-09-29,4522531468,4949047959,4363702254,4713869496,2813007388.92,2280186081.3525,0.2054742880765448,
2024-09-30,4713593350,4930806531,4561728358,4757963438,2861320499.065,2294159698.27,0.21406525063587256,
2024-10-01,4905924590,5338643474,4590652282,4858440734,2909464588.535,2309569509.72375,0.2302972735328781,
2024-10-02,4858346719,5334745391,4807297148,5125964366,2959209845.105,2324992835.24125,0.2413547108826601,
2024-10-03,5125955569,5527226554,4442006876,4595406315,3008997131.485,2339878456.57,0.23862168645353166,
2024-10-04,4595017636,5035345605,4490589118,4898455983,3058104675.925,2353798832.1925,0.22769887619612192,
2024-10-05,4898843623,4941585227,4677834977,4849909939,3111485752.1,2368260506.54,0.22950858684146672,
2024-10-06,4849180038,5156715213,4723625104,5088151376,3167858273.93,2382755485.735,0.23332425532565476,
2024-10-07,5088249390,5983809860,5075266552,5575561679,3233270037.58,2398730549.77875,0.2537436050551104,
2024-10-08,5575221499,5894282410,5339613616,5489949517,3299946674.91,2415721286.39625,0.26294624397546845,
2024-10-09,5489821908,5515502651,5095130653,5180852177,3360037023.47,2431925655.55125,0.2537502024015174,
2024-10-10,5180767778,5256716381,4826310699,5066275829,3417052335.06,2447116639.7075,0.246381312279364,
2024-10-11,5066327446,5761985397,4958878025,5667627706,3480178280.7,2463495008.705,0.2551839074054494,
2024-10-12,5668487398,6318937364,5535599194,6194162770,3550029262.53,2482091127.71625,0.2764929768179643,
2024-10-13,6194029757,6536196080,5872431767,6474148151,3622477888.915,2501130056.1825,0.292385223025236,
2024-10-14,6475438577,6487517683,6108758908,6216446586,3696999281.69,2520095779.5125,0.28792113487374804,
2024-10-15,6216315257,6281120173,5460415896,5691542600,3765056614.98,2537389254.15,0.2628062176291955,
2024-10-16,5691238072,5953319924,5463032140,5756038387,3832852936.585,2554259017.5975,0.2519928749225336,
2024-10-17,5756062073,5975277049,5522134066,5595050804,3904634694.635,2571143306.8925,0.2524388034602059,
2024-10-18,5595331077,5946695721,5551396980,5873775879,3977137891.3,2587399354.4475,0.2518987164354917,
2024-10-19,5873015864,5873863609,5642306668,5700328330,4050544386.055,2604262166.42875,0.25146785592773735,
2024-10-20,5700255494,5951483554,5647399145,5880825344,4124283246.7,2622216705.32625,0.2503856811755636,
2024-10-21,5881033234,6020207448,5523847136,5552794101,4197287234.935,2639996515.9825,0.24888285370066762,
2024-10-22,5552279120,5616203767,5186856415,5357239265,4264477975.025,2656575055.755,0.2384836930103378,
2024-10-23,5357254613,5518273695,5156567809,5460937726,4329196771.09,2672945601.62,0.23906559303157834,
2024-10-24,5460794445,5664195216,5318460572,5346378864,4395572837.49,2689566198.34,0.2405147601940797,
2024-10-25,5346799371,5367170922,4550521153,4838460527,4452864159.7,2703852176.20375,0.2242353981355164,
2024-10-26,4837977164,5090764516,4693250133,4951170191,4506370969.025,2717667142.6775,0.2201750153562381,
2024-10-27,4951262130,5042342452,4763356498,4847768069,4557834942.555,2732225530.57875,0.2179581940188881,
2024-10-28,4847633512,4935503024,4422972452,4894745637,4603769750.925,2746306241.7275,0.2088172538089987,
2024-10-29,4895033502,5793662598,4873973017,5720303418,4659729364.985,2764322640.79625,0.225423176205488,
2024-10-30,5720874237,5886526527,5468073690,5755525680,4723537393.07,2785673209.02875,0.23939385736148622,
2024-10-31,5755267631,5796459210,5352255095,5447430626,4786399360.32,2806326044.09125,0.23850994381174298,
2024-11-01,5608945913,5992900966,5447269829,5654118275,4846789336.875,2826948534.0125,0.2469008929771737,
2024-11-02,5654336138,5758889690,5316335462,5427626437,4902531655.24,2846972281.665,0.2429971427967595,
2024-11-03,5427726286,5583526789,5044489239,5540077309,4954945075.305,2865835593.88,0.23979851066769062,
2024-11-04,5538215525,5591338320,5103891980,5261813560,5004751119.49,2884602210.42125,0.241003550949035,
2024-11-05,5261525356,5883137612,5240814854,5713692359,5057991633.3,2903939096.07,0.24594628635325036,
2024-11-06,5713924623,6689658046,5693799082,6555742073,5122056649.315,2925841611.28,0.2596788478645425,
2024-11-07,6556204464,6791967869,6291992099,6601035382,5187008566.375,2949594517.26625,0.26346666940985947,
2024-11-08,6602235174,6784481704,6278933222,6515732961,5245391305.07,2973317940.0175,0.2590874903398571,
2024-11-09,6515684145,8103279468,6351278149,7822329461,5311960817.425,3000484393.76875,0.28134359769529305,
2024-11-10,7824035776,8966747662,7681656332,8634025297,5398459532.32,3033504018.5325,0.3126097448868848,
2024-11-11,8634862463,9430533230,8611254906,9323817579,5496426139.275,3070524280.85875,0.3200578876148026,
2024-11-12,9320971828,9483748768,8052620743,9155064563,5592404340.375,3107782177.735,0.31012815626270773,
2024-11-13,9153357112,9794504744,8123479936,9410897550,5686796938.97,3145710255.73625,0.3130519839657363,
2024-11-14,9411182125,10045499955,9191490172,9548347309,5785548973.13,3185532552.95375,0.32951975356631125,
2024-11-15,9550623909,10467240208,8828656958,10272875436,5891395887.99,3226646734.48375,0.3371175031264709,
2024-11-16,10272590861,11193191211,10190917816,10700307190,6014107718.075,3272119365.27,0.35584330234300005,
2024-11-17,10702014641,11215957217,10176973638,10766897757,6139366686.73,3318367130.82625,0.3611108405456025,
2024-11-18,10768036057,11119770843,10265191909,10529277574,6260032312.76,3358515263.115,0.35658548274285806,
2024-11-19,10528992999,10955001878,10267753085,10600990491,6376975546.64,3398453913.35375,0.3500989328388101,
2024-11-20,10602413367,10950448677,9758363710,10042085055,6485273795.285,3437262336.14625,0.3400359191220797,
2024-11-21,10042938780,10521594047,9470373740,10320968623,6586421403.115,3474950822.9875,0.32222100647533386,
2024-11-22,10322676073,10411748070,9668153413,10156199657,6690762312.61,3512725666.44375,0.3139238411155931,
2024-11-23,10155915082,10420285322,9521312677,9790236118,6795104016.895,3549737986.09,0.3045687153979347,
2024-11-24,9789666968,10167582660,8956715739,9668437988,6891175164.84,3585747922.17375,0.2956572299227698,
2024-11-25,9670145439,9923132676,8837194210,9093596348,6979707149.55,3620813020.51125,0.2913073748876692,
2024-11-26,9094165498,10068265961,8464685444,9942199205,7058939292.685,3655656393.015,0.3004626817459204,
2024-11-27,9942768355,9961550310,9316987777,9765762662,7142379302.995,3692622081.91625,0.30579182499655405,
2024-11-28,9766616387,10406910294,9665307662,9807879772,7234206336.625,3730457097.45125,0.3045569132176044,
2024-11-29,9808164347,10110952221,9559161162,9920286925,7329548806.465,3768215455.79125,0.2988602779900642,
2024-11-30,9920286925,10059159559,9713116274,9896667194,7420220863.355,3806806026.27125,0.29706039178305355,
2024-12-01,10180644949,10349278166,9767259354,10183572609,7504038705.115,3846297199.92125,0.3011485506089143,
2024-12-02,10184450907,10226901977,9313764817,9929744485,7576928987.27,3883975030.3475,0.2930253675309444,
2024-12-03,9929744485,11345853636,9732420200,10817703769,7659616788.95,3923921301.52625,0.30832558170089547,
2024-12-04,10820631429,11103443386,10325564119,10763249292,7756434260.45,3965117337.18875,0.3102799630457147,
2024-12-05,10762078228,13021060699,10346057740,12395419753,7874739199.935,4010942346.2975,0.3341747642059055,
2024-12-06,12394541455,13139630929,11961247772,12357652938,8009761945.445,4060600344.43875,0.35371800885066307,
2024-12-07,12357360172,13034235169,12185213763,12488226575,8145251125.555,4109792539.96125,0.3493345956859059,
2024-12-08,12486762745,12885802806,12079232471,12396590817,8279045497.395,4159000828.8875,0.34664930050197224,
2024-12-09,12396590817,12503743173,9904859375,11249826387,8393420778.47,4203929402.60125,0.3325710860109641,
2024-12-10,11247484259,11410554922,10149318986,10874500373,8496940661.575,4246076819.4875,0.325683590126332,
2024-12-11,10875085905,12898684510,10454966692,12809098113,8623566944.84,4292408225.16375,0.34237758022737624,
2024-12-12,12809098113,14280540039,12759035127,13534572266,8783018003.35,4346865941.97125,0.37805660685620607,
2024-12-13,13534865032,14415505165,13300359464,13943273604,8950038874.19,4403492923.68625,0.3907303592531706,
2024-12-14,13943566370,14184220024,12747324487,13056192619,9119180631.825,4458647980.6675,0.3805859957818013,
2024-12-15,13057070917,14186562152,12745567891,14000948507,9291265569.14,4514093721.67875,0.37806844766403874,
2024-12-16,14002705103,14509775818,13462259063,13544819076,9470839718.695,4571679072.12625,0.3821763281669358,
2024-12-17,13545404608,14251263438,13373258199,13588733976,9649128746.675,4628247492.26875,0.3756576189416688,
2024-12-18,13589612274,13941224242,12469782317,12696968734,9806201821.835,4681713375.29375,0.3746034130074053,
2024-12-19,12694919372,13448499061,11527661323,11928457980,9940044509.845,4731327080.20625,0.370638949304802,
2024-12-20,11926408618,13477482895,10225145381,13400485437,10073435058.69,4780109676.69875,0.3781266953867201,
2024-12-21,13400778203,14365149413,12385758475,12759327893,10224473953.695,4833629500.64875,0.4016101295832695,
2024-12-22,12762255553,13442058209,12184335465,12654517664,10368903849.515,4884364901.5625,0.39585231894092837,
2024-12-23,12654810430,13904628492,12020972036,13792791879,10522790765.585,4936367363.29625,0.40716779944597514,
2024-12-24,13792791879,13907848918,13057070917,13467528851,10686440671.485,4990947159.27375,0.41037556242277723,
2024-12-25,13468114383,13584928018,13031307509,13161588379,10842174512.025,5044103717.34875,0.3959157911665245,
2024-12-26,13161295613,13260836054,12141006097,12292073354,10973184948.495,5094357974.06875,0.3844781934748021,
2024-12-27,12290902290,12909516852,11857023075,11939290322,11086962612.12,5142698859.5225,0.3782355686506176,
2024-12-28,11942803514,12469782317,11637741340,12318422294,11197899444.14,5190880058.2225,0.3735257727237137,
2024-12-29,12318422294,12503157641,11849411159,11959198410,11297087535.545,5239461049.46375,0.3772306821116635,
2024-12-30,11959198410,12782163641,11536444303,12218296321,11374035723.585,5288064169.57875,0.38062411281986175,
2024-12-31,12218296321,12696383202,11834772859,12047320976,11438017249.485,5337536509.79625,0.38189652654774225,
2025-01-01,12384678797,12968836207,12156252484,12867413720,11509841126.015,5389112213.92125,0.3917635079301233,
2025-01-02,12867112763,13412747684,12788863960,13071462521,11588130863.945,5442747631.8,0.3961623015998922,
2025-01-03,13072365392,14998790727,12866811806,14984946708,11676762839.305,5501411919.94,0.4150512091488351,
2025-01-04,14985849579,16106613202,14562102216,15914903635,11789013199.91,5568239959.06625,0.45056338619797837,
2025-01-05,15914602678,16022646217,15407189287,15778871101,11892844710.935,5637041629.94125,0.46232790932438034,
2025-01-06,15780074928,16139417508,15114057233,15317203164,11990289258.835,5704241026.9125,0.44987174663534285,
2025-01-07,15317504121,15568201247,14308696477,14405303653,12074876404.41,5767827550.6875,0.43700239361006193,
2025-01-08,14406808438,14783907476,13215319936,14734249582,12148814139.305,5828273028.2925,0.4382036752842137,
2025-01-09,14733948625,14733948625,13535237157,14299366812,12228560091.355,5889010685.49625,0.4478892200252367,
2025-01-10,14296959157,15798433301,14247602220,15416819909,12325579788.34,5953153547.91625,0.4669317111251872,
2025-01-11,15416518952,15470992157,14758627094,14950637618,12425769781.38,6018141761.97875,0.4683473039370141,
2025-01-12,14951239532,14987354364,14114880212,14237369684,12517785254.345,6080638478.165,0.45030975730863443,
2025-01-13,14237971598,14616575421,12849356304,14287328535,12604829396.86,6140435078.85125,0.43994656962186973,
2025-01-14,14286425664,14328258678,13664347681,13793458206,12697571504.64,6200655088.00625,0.4322789049284787,
2025-01-15,13793759163,14715289295,13336605580,14550364896,12791705018.77,6261583382.01,0.41899747389594855,
2025-01-16,14550966809,15210664409,13788040981,14292745760,12885981763.045,6324194702.52375,0.4214308933219761,
2025-01-17,14292143846,14949734747,14180789780,14552170637,12977622387.52,6386760932.56125,0.41207398842245935,
2025-01-18,14555782120,15464070148,13883444329,15064399339,13075468043.925,6450209927.135,0.41447266436083025,
2025-01-19,15064700296,15110445750,13244813715,13556605099,13162404718.465,6511395929.76875,0.40745197409871486,
2025-01-20,13550285003,14561500302,12932119461,13276113236,13231601033.085,6570191970.93375,0.3904250006237472,
2025-01-21,13277016107,14422759155,12721750564,14007438586,13305471544.215,6630168143.95,0.3878872819961374,
2025-01-22,14007438586,14158218010,13402515149,13456085483,13371464219.905,6690540001.75125,0.38790968528633646,
2025-01-23,13456687397,13466318019,12508974011,12945060609,13418284978.955,6747630826.89375,0.3732941592634491,
2025-01-24,12944157738,13495510841,12527934298,12648016115,13443739991.815,6803913300.66,0.36550041915528175,
2025-01-25,12647715158,12812639558,12339836214,12428317553,13445617168.76,6857786480.53375,0.3561747160803572,
2025-01-26,12428618510,12703091234,11626869237,11653052490,13437350147.72,6908982529.00625,0.346206635491194,
2025-01-27,11649441007,12083119949,10522658246,11925117559,13419009887.33,6957286003.06625,0.33973067331519813,
2025-01-28,11925418516,12074091241,10861234797,10991248192,13417994752.3,7005159446.19625,0.3367670405090178,
2025-01-29,10991850106,11705719954,10837158242,11121863502,13422868418.62,7051507490.21625,0.32727332077970345,
2025-01-30,11123067329,12679616593,11034585991,12395212290,13423841653.535,7100679712.5375,0.33958105168816427,
2025-01-31,12394911333,12796086926,12077401768,12306429994,13404799575.915,7152301130.0875,0.35566208231271534,
2025-02-01,12634739631,12722487315,11499581207,11535112840,13370789164.555,7202075693.87875,0.3559317038878239,
2025-02-02,11535112840,11918236532,9530201841,10213954044,13317120173.34,7245272649.0525,0.3317595774100539,
2025-02-03,10215498897,11829870906,7417460062,11275268465,13250859917.655,7285849667.2525,0.322901420631899,
2025-02-04,11276813319,12057273356,10130840920,11113367808,13196153599.37,7331135066.4825,0.34665198147437193,
2025-02-05,11114603691,11478880169,10210246395,10292741577,13137842657.425,7374203531.12375,0.34231886391139316,
2025-02-06,10292432606,10850124755,9600647165,9690557645,13076523530.445,7414126960.12,0.3239880563115795,-3
2025-02-07,9690866616,10462366502,8979616019,9309287777,13020736526.335,7451443292.9675,0.3088540538743528,-3
2025-02-08,9310214689,9545341407,8916585993,9465009020,12961774670.225,7487646828.82,0.3007656930133299,-3
2025-02-09,9465009020,9834846971,8870858326,9255217901,12884349261.395,7524453619.1275,0.30197860146497896,-3
2025-02-10,9254908930,10214571985,8966021308,9937734220,12820999609.155,7562991755.59625,0.3079171343469529,-3
2025-02-11,9938352162,11073201614,9894478320,10283472455,12765081117.725,7604818766.5225,0.3295842166556463,-3
2025-02-12,10282854514,11329956282,9550902880,11063623522,12705091600.89,7647760320.18,0.33746688065929753,-3
2025-02-13,11066095288,11294733620,10539300211,10714486609,12656934988.085,7692662071.635,0.3457594629467426,-3
2025-02-14,10714486609,11550252405,10593061116,10978038633,12621838126.31,7738002189.34375,0.34511738968926564,-3
2025-02-15,10978038633,11120165164,10427143840,10561237132,12592287387.46,7782814906.15,0.3381334883995168,-3
2025-02-16,10561855074,10695021454,10058541772,10102415614,12557532809.705,7825686088.53,0.3275861390570075,-3
2025-02-17,10102415614,10367203520,9718673980,9943295693,12515039806.22,7866834237.38,0.31955933711380824,-3
2025-02-18,9943604664,9993657921,9026270598,9471806375,12464735990.635,7906221307.39625,0.30994734381918715,-3
2025-02-19,9470261522,10065648098,9285188061,9937734220,12414546283.35,7946578756.38625,0.31136154186154125,-3
2025-02-20,9938661133,10750636183,9853694185,10661034675,12368680508.19,7990361033.1525,0.3258763920503479,-3
2025-02-21,10661034675,11029636743,9959980112,10102106643,12316743364.415,8035557943.015,0.33153201517546316,-3
2025-02-22,10102415614,10664124382,10043093236,10568034488,12244017129.85,8079861571.81,0.3309259880750488,-3
2025-02-23,10567107576,10772573104,10153395783,10437957815,12145824958.08,8124299057.64375,0.3345192821918238,-1.3849432521533969
2025-02-24,10437957815,10657018055,8655505735,8745725185,12022689445.615,8162907312.6125,0.31719347477244936,-3
2025-02-25,8745725185,9310214689,8142614340,9133792408,11887597414.56,8196000223.91875,0.30600499138698034,-3
2025-02-26,9134410350,9552447733,8474757864,8894340101,11769878667.31,8229448693.35,0.3212004740487125,-3
2025-02-27,8895575984,9190643021,8514306116,8601126888,11660185500.195,8261823921.30125,0.3186315040826634,-3
2025-02-28,8602671742,8820187128,7783590364,8736456063,11543387520.585,8291671498.94,0.31319611709656914,-2.4040628349188613
2025-03-01,8963370841,9266725012,8817874953,8933257313,11424494588.245,8323926406.20125,0.3253332100908216,-2.165475017095708
2025-03-02,8934208266,10301362435,8849256419,10119096345,11312530326.465,8359514887.985,0.3249991293500904,-0.17742854173931064
2025-03-03,10120364283,10156817501,8189928649,8299922272,11204911271.03,8393976304.54875,0.3136562281898993,-3
2025-03-04,8299605288,8403576205,7154974241,8002273822,11084257259.52,8422936893.33,0.2863741044180068,-3
2025-03-05,8001956838,8526566193,7742980497,8345251057,10966978581.3,8453028877.355,0.28418006436784987,-3
2025-03-06,8344934072,9497489731,8205777874,8673963988,10858609314.955,8485630915.9975,0.29794591155532624,-3
2025-03-07,8673647003,9116791341,8125263810,8183588959,10739893680.725,8517050355.41875,0.2992972571407068,-3
2025-03-08,8184856897,8331620723,7835539973,7865336516,10611106256.22,8545743000.95875,0.28828087873099245,-3
2025-03-09,7866921439,8000688900,7134687233,7252922453,10467543876.665,8572403265.52875,0.2801908208920741,-3
2025-03-10,7254190391,7757878769,6524809046,6617368521,10323432286,8596559037.13,0.2722068865646272,-3
2025-03-11,6617685506,7303956958,6227794565,7061463812,10187886700.195,8618388925.23125,0.2646721753830281,-3
2025-03-12,7063048735,7521091344,6889024242,7243095934,10059323179.41,8641050399.9525,0.27118136227447076,-3
2025-03-13,7243095934,7419339318,6702003384,6852571024,9925286941.57,8663341808.02875,0.2673774491019106,-3
2025-03-14,6854789915,7559129485,6842427519,7365451952,9806510735.745,8686571647.5325,0.26922989807988684,-2.9897824978817784
2025-03-15,7366085921,7689093132,7292228532,7457377459,9697456566.005,8712197173.585,0.2752312969757978,-3
2025-03-16,7457060474,7503657196,6991410237,7072875254,9591439039.395,8737863212.05875,0.2702560744239608,-3
2025-03-17,7072875254,7546133120,7065267626,7540110414,9495502814.11,8763810494.67125,0.2722911998083754,-1.838360842594453
2025-03-18,7539793430,7569272989,7041493788,7242461964,9411566241.16,8790041502.985,0.27479463216296607,-2.3257357103864362
2025-03-19,7242461964,7878649866,7218688127,7842196647,9333216260.45,8817228759.48,0.27599351733232746,-1.6362210535107327
2025-03-20,7842196647,7921759758,7432652667,7473226684,9263282480.21,8845094698.835,0.27791472917335003,-1.7153002900103844
2025-03-21,7473226684,7505242119,7073192239,7136589140,9173061320.105,8871236973.37625,0.26896303957722534,-2.07131469185998
2025-03-22,7136906124,7296349330,7076362084,7173993311,9068605224.245,8896404893.65,0.2643721121195469,-2.0975400605400134
2025-03-23,7173676327,7289058687,7088407495,7265601833,8970729340.99,8921782554.30625,0.26324538090364213,-2.5963222571471656
2025-03-24,7265601833,7766437351,7166385683,7592729842,8903697588.25,8948215638.27875,0.2662810293930422,-1.2445126880163044
2025-03-25,7597484610,7873895098,7402222155,7789894204,8853324576.935,8975455258.18875,0.27176726245884836,-0.8184823886436267
2025-03-26,7790211189,8405478112,7735689854,8302775133,8791603871.36,9004108032.995,0.28706844768499007,-0.6702131643257863
2025-03-27,8303092117,8973514345,8265687946,8815339077,8747909679.625,9034662708.6625,0.3072011431775685,-0.5419636588315961
2025-03-28,8815339077,8869543427,7828883298,7940144859,8713010422.075,9063866284.835,0.30444484091458746,-0.7882881754181675
2025-03-29,7940144859,8064719770,7128030558,7320757137,8673067999.125,9089346607.09375,0.28588209610041104,-0.9758984801589563
2025-03-30,7321074122,7776580855,7228514646,7449135862,8635758771.005,9114341965.06,0.28271907771085397,-0.42338085351739235
2025-03-31,7450086815,7469422870,6928013336,7186672692,8593800088.48,9137353160.11125,0.2763012382048245,-0.08496031134530156
2025-04-01,7368361232,8201331849,7322211475,7823033840,8555508598.245,9161985928.03875,0.287573804370767,0.021556872987010468
2025-04-02,7823358838,8268606495,7322861471,7498035550,8504125387.26,9186735586.46875,0.2888405367378712,-0.395315671479577
2025-04-03,7498360548,7924108308,7093412679,7349511331,8442315665.6,9209649764.36625,0.2856353202333843,-0.16249793026704132
2025-04-04,7350486326,7479835645,6918238600,7335861403,8369664696.83,9231691457.56,0.27616268439284847,-0.5870409131587359
2025-04-05,7335536405,7397611078,7089512699,7201312111,8295605364.48,9253171272.15,0.27495873197444326,-0.7138237558322282
2025-04-06,7201312111,7226661977,6121992790,6241917159,8214131860.82,9270097606.69375,0.2637215597079968,-1.1166161928700111
2025-04-07,6241917159,6794089253,5585745611,6557490498,8132938903.855,9283440615.6925,0.2574623352398885,-1.1537376958649088
2025-04-08,6558140495,6830164064,6251342109,6271167005,8061835028.185,9296480796.84375,0.2650760604783117,-1.1475039049444105
2025-04-09,6271167005,7421010955,6051143162,7213662046,8004443246.235,9310418623.19375,0.271486954332994,-0.8575332498255067
2025-04-10,7213662046,7246811871,6667339920,6864613882,7950611225.325,9324900224.35875,0.27594920706456555,-0.8561055923296419
2025-04-11,6864613882,7304011570,6812939154,7107712603,7885037480.49,9338990863.7675,0.2753500206717085,-0.46877883412239496
2025-04-12,7107387605,7787934024,7009888118,7621209902,7823905787.87,9353894238.8,0.2802000767930611,-0.13654353498472516
2025-04-13,7621859898,7843833730,7161337321,7256886818,7766437038.105,9368191495.0975,0.2826065387286147,-0.45453161508478857
2025-04-14,7257211817,7637784814,7062212843,7125262511,7702194226.64,9382107068.155,0.27574712634286663,-0.742683013567792
2025-04-15,7125262511,7305961560,6771339373,6787914286,7649665581.34,9394826863.99125,0.26595107163876447,-1.040024286172194
2025-04-16,6788239284,6938388494,6575040406,6679689855,7607910638.425,9406290999.6375,0.2585870580569084,-1.3021615102272266
2025-04-17,6679689855,7053762887,6643615045,6899063701,7564011515.625,9417199725.02625,0.25985386126212023,-1.350481355430767
2025-04-18,6899063701,6998513178,6811639161,6891263742,7526005654.49,9427995210.1575,0.2623321957139839,-0.9395630671869559
2025-04-19,6891263742,7077812761,6861038901,7002413157,7495453770.81,9438168794.50875,0.26339317167450593,-0.5543102296859693
2025-04-20,7002413157,7058637862,6767764392,6867863865,7454031026.595,9447631701.57375,0.26193841628408804,-0.6847775485034192
2025-04-21,6868188864,7423610941,6856163927,7137287448,7404437665.17,9458375021.40625,0.2637522398450474,-0.38598223615958327
2025-04-22,7137612446,8924128046,7048887913,8668029394,7379495790.64,9474324083.2275,0.2853453777835646,0.08979017867566132
2025-04-23,8668679390,10002472373,8668679390,9643999259,7405112794.92,9496343654.035,0.3208463198927259,0.8237688192038449
2025-04-24,9643674261,11028491974,9413900469,10872167797,7446820194.5,9522769357.4975,0.35566108062652124,1.610218068214566
2025-04-25,10870867804,12372684902,10653443948,11438314818,7499885923.535,9552284887.48625,0.38975844206760424,1.928241023381935
2025-04-26,11440589806,11858862605,10912142587,11437989820,7557637392.06,9581473034.70625,0.3906521572443695,2.0405022201741647
2025-04-27,11439289813,11872187535,11141916378,11562464165,7626629910.97,9612391222.83375,0.394799308531715,3
2025-04-28,11564739153,12584583787,11059691810,11464639680,7708722082.995,9645320702.5125,0.4005861785987941,2.6454525997694986
2025-04-29,11464964678,11810437860,11203341054,11484789574,7797768515.19,9675956595.7525,0.39354955883320936,2.9641294991229152
2025-04-30,11482839584,11712288377,10650518963,11397040035,7887927445.78,9702863471.04375,0.3903654165615607,1.9553310855666843
2025-05-01,11706845186,12572139549,11540262668,11855400739,7982719385.215,9731110774.0275,0.4056512098285574,2.529643259095703
2025-05-02,11855734571,11921165781,11330615731,11440446690,8074374150.78,9757685525.30125,0.39189260052669195,2.0588620106542415
2025-05-03,11440446690,11553949809,10911321858,11137660430,8156482050.36,9784428006.3775,0.3815167580072745,1.4306411007497004
2025-05-04,11136992764,11214441951,10535426236,10932687151,8226555865.65,9810622905.85125,0.37563406862774956,1.54837364422761
2025-05-05,10933688649,11660776274,10727046207,11427093382,8305173872.405,9837998006.50125,0.3863328596067299,1.8811037060838027
2025-05-06,11427093382,11441782021,10417917125,11168373038,8381327768.165,9864857963.8875,0.3816103759282381,2.0106872029353413
2025-05-07,11168706871,11502873406,10805496892,11120968795,8457352887.13,9891743628.25375,0.37853446846691746,2.0715107529411
2025-05-08,11120634962,13686139275,11077236711,13469148019,8553208698.945,9924460122.54125,0.40180020678900424,3
2025-05-09,13467478856,13606687092,12732045414,13188394717,8664832550.56,9961981027.74125,0.4132623213293223,2.8867207020748076
2025-05-10,13188728550,13868411931,12832529057,13767594455,8787177619.615,10001911884.52375,0.410808911753182,3
2025-05-11,13764589960,14260665355,13000446906,13411061129,8915943382.12,10043091546.4075,0.41357427225147175,2.8991250434786298
2025-05-12,13413064125,14339783705,12722364265,13232460634,9040398024.055,10082988850.9475,0.41029946927366195,2.5018676608583728
2025-05-13,13232460634,13722193207,12737720570,13568630164,9157747273.385,10124436416.7,0.4053972248805625,1.5136633969226223
2025-05-14,13567294833,13629387716,12868249156,13070217941,9270105541.28,10166388901.2525,0.4021894873420303,0.8123694760283259
2025-05-15,13070217941,13219107326,12173877136,12848219194,9365491877.825,10206022266.8125,0.39337442894630825,0.24009492834575974
2025-05-16,12848553027,13186391721,12500031686,12622548287,9449491334.005,10246093104.4325,0.39237666391570125,-0.016818946339897712
2025-05-17,12622548287,12896958768,12265347297,12696325315,9534627679.035,10282590863.3475,0.3907654259073222,0.004469377336243789
2025-05-18,12695657649,13368998209,12325437183,13166695591,9640143360.575,10318498098.97,0.39457955107983345,0.09883544074544905
2025-05-19,13164358762,13262505577,11978918838,12813834426,9747364921.165,10354583355.27125,0.39099209166295507,0.0263750582948955
2025-05-20,12813834426,13159351272,12626888113,12869918319,9859543903.25,10390541801.705,0.39077499941958993,0.033295745565842985
2025-05-21,12870252152,13582651138,12685308835,13121628177,9967268412.78,10428170117.42375,0.3895868735675372,0.13417284867422186
2025-05-22,13121294344,14024979468,12440943298,12989096594,10075585669.53,10466895735.025,0.3831554992602863,-0.04606758201338167
2025-05-23,12989096594,13208424679,11806661164,11960558040,10176082407.585,10502482586.39,0.367303065804175,-0.2108306934890021
2025-05-24,11960558040,12338122825,11914822960,12108112094,10272268377.31,10535260643.5625,0.36122971229819534,-0.07396742908405418
2025-05-25,12107110596,12242980505,11502873406,12023318588,10366529931.32,10564289592.65125,0.35748082121529207,-0.029212497714318386
2025-05-26,12023652420,12227290369,11535589010,11654433452,10469775337.39,10590789299.4475,0.350605926800803,-0.2891550617925354
2025-05-27,11654433452,12465646918,11372344819,12264345798,10582662979.72,10617758534.355,0.35275505918886385,-0.031917783552164826
2025-05-28,12264011966,12505373009,11746237445,12041345554,10695893751.225,10642464030.29375,0.36034066291283634,-0.07857277272567438
2025-05-29,12041011721,12444615457,11726875149,11771942563,10801031059.835,10661061505.0725,0.3594207052946507,-0.7479347898538173
2025-05-30,11771608731,11853063910,10595516122,10641918868,10885379459.395,10672138554.38875,0.3445390197847219,-0.9520213584663438
2025-05-31,10641918868,11062881905,10198922872,10838880162,10958646092.385,10680551301.77,0.3323909445497071,-1.000954958220699
2025-06-01,11028311842,11429798371,10827568578,11359487278,11034239824.485,10690754960.17875,0.34487548538837765,-0.7971539255465148
2025-06-02,11359487278,11450857732,10959699085,11316009887,11110250505.56,10699366878.205,0.34651153336921414,-0.7558056303291758
2025-06-03,11317028889,11522187825,10933544718,11048691869,11188945412.14,10706494449.1925,0.3420169235493103,-0.8642587032847537
2025-06-04,11048691869,11187955386,10726347778,10750803811,11267562017.71,10708190438.9,0.3352500190690546,-0.8224963679217099
2025-06-05,10750803811,10973285770,9800075560,9927111060,11339911608.52,10706427230.085,0.3252023283340653,-0.9597019269996001
2025-06-06,9928130062,10946112401,9911146706,10853383279,11411724813.32,10705122850.16625,0.32815948632651637,-0.6858911063947104
2025-06-07,10853722946,11255209474,10776958178,11021518500,11493259459.9,10707066188.4725,0.3400686353411733,-0.6600935960728885
2025-06-08,11021858167,11153988674,10812283558,10954943746,11573812187.82,10710303392.6425,0.33759472505706045,-0.7605899088862597
2025-06-09,10954264412,11773881157,10817038898,11717156749,11661640497.52,10716436475.175,0.34069003425888406,-0.4960034328116801
2025-06-10,11717156749,12086035234,11435572711,11867629280,11755746211.49,10724620996.12625,0.34680294279945056,-0.46064274986463427
2025-06-11,11867289613,11984474767,11348957597,11533736507,11830525214.915,10733179382.7325,0.3441373223058851,-0.5865476311521874
2025-06-12,11533736507,11549700862,10822473571,10901276342,11869641999.265,10740960362.64125,0.33754681284613114,-0.6968056886965455
2025-06-13,10900257340,10907390350,9925752392,10450877749,11875772215.915,10746785624.08875,0.3254949641575389,-0.5848085152539483
2025-06-14,10451557084,10456312423,9536154213,10012707173,11851379313.02,10750394892.57,0.3123004917603786,-0.7214271464988983
2025-06-15,10012707173,10336749599,10002517159,10273571516,11826259116.165,10752442987.99875,0.31388482922401634,-0.6389436691179514
2025-06-16,10273571516,10729404782,10102379291,10174388719,11802578548.25,10754484275.74,0.315198186682604,-0.5782776026887319
2025-06-17,10178464724,10385661663,9527662535,9625826331,11767798352.365,10754883088.9875,0.3064607346750808,-0.8236140464060805
2025-06-18,9626165998,9911486373,9197166433,9608503308,11729697297.095,10753325704.1875,0.2988196361744219,-0.7608999728720746
2025-06-19,9608163641,9741313149,9464144784,9611220645,11695608073.395,10750755813.11375,0.2992643728926479,-0.6982598368888129
2025-06-20,9610541310,9798716891,9006613183,9226377805,11645446078.63,10748240046.8675,0.29532907820792986,-0.530281575268604
2025-06-21,9227057139,9356470309,8360226665,8728765484,11591068862.75,10740548543.75125,0.2857180876374953,-0.7100532297260052
2025-06-22,8728086149,8887050359,7797058591,8322183949,11534523864.055,10728950407.27875,0.27531027717398837,-0.9207171428077298
2025-06-23,8322523616,9685947410,8143519047,9610201643,11494237082.125,10715497376.39875,0.28593910148739865,-0.5478856717746737
2025-06-24,9609182642,9896201353,9306539244,9510679179,11462107071.655,10701084288.05375,0.2977510577851592,-0.5077900629373748
2025-06-25,9511018846,9665227716,9207016780,9282762546,11428161373.265,10685585525.815,0.2902093872828325,-0.49360812523806913
2025-06-26,9282422879,9528681536,8767147867,8840176297,11387263286.34,10668798075.49,0.280494277810737,-0.4047890808836382
2025-06-27,8840176297,9495394159,8775299878,9245059496,11322277140.655,10656674213.0875,0.2810630100710082,-0.5274622508243331
2025-06-28,9246078498,9662850046,9108852984,9522227861,11245004157.205,10648996901.64875,0.2889426542266831,-0.48226925207365823
2025-06-29,9521888194,9945792751,9409118712,9853403297,11170368852.01,10638612361.31625,0.2953919198831436,-0.34724682745223245
2025-06-30,9853403297,9885671672,9299066567,9434593746,11090548711.67,10619974223.4875,0.29298904990198543,-0.6227527499738423
2025-07-01,9596304865,9721376417,9196905101,9235255771,11010759558.795,10598169022.09875,0.2913985558672197,-0.6900997408208432
2025-07-02,9235255771,10232027671,9155444918,10016089218,10937648623.81,10579053414.69625,0.29568230817035407,-0.40137269624493266
2025-07-03,10016089218,10678070140,9929713837,10445547614,10877319979.625,10562902503.87375,0.3078623465413191,-0.11938204201529144
2025-07-04,10446584118,10651121021,9755926569,9939042378,10824726242.07,10544493897.65625,0.308417355105473,-0.14155563475544833
2025-07-05,9938696876,10142542776,9880307118,10016780221,10768830253.42,10526018481.11875,0.3043289298200141,0.011155448489260728
2025-07-06,10017125722,10253794267,9908638244,10056167395,10717602983.225,10510441153.695,0.30394763983574224,-0.05554307801582276
2025-07-07,10054785389,10196441014,9778384169,9875470097,10659344443.41,10498323082.36125,0.30117637028368993,-0.08095678543315775
2025-07-08,9875470097,10132868733,9766291615,10002269157,10602130853.405,10486757303.95,0.3003522615890525,0.1308351799875421
2025-07-09,10001923655,10707783272,9947679916,10618989380,10551162773.87,10472214006.74875,0.30575388269336723,0.3351160100957682
2025-07-10,10618989380,12096008400,10576147190,12062149251,10516630043.465,10465101665.91125,0.32450101793498515,0.7964208997393124
2025-07-11,12062494752,12340623480,11409496869,11702827664,10491325688.77,10459029465.82125,0.3296199644673294,0.8327102374949152
2025-07-12,11702482163,11980610891,11440246505,11756380401,10475900586.185,10449847565.065,0.3240502704996536,1.0606223439669662
2025-07-13,11756725902,12227989983,11681752071,12061112746,10472930410.1,10442949618.08125,0.3273728060152742,1.3557912226378641
2025-07-14,12061458248,13825243534,12056621226,13441391340,10490472566.365,10443611497.11875,0.3467781634441354,1.1906446668341208
2025-07-15,13441736841,14193548160,13174664162,14175236579,10528193668.82,10451097063.6225,0.3746110504776175,1.4466663034118787
2025-07-16,14174200075,14174200075,13555406843,13627271160,10567065204.65,10460049974.4825,0.37368104620651177,1.375227403205442
2025-07-17,13625198151,14095080225,13372982038,13854265662,10599017995.16,10467946645.1975,0.3633171396849973,1.6636132721782082
2025-07-18,13854265662,14675868289,12633954275,13073432215,10630283372.915,10475123417.405,0.355261646448408,1.2001051110553902
2025-07-19,13074123218,13326339332,12766626861,13255857020,10668087566.915,10479656133.74625,0.34484988273042777,1.1346907106661797
2025-07-20,13255857020,13941332047,13176046168,13450374379,10723492595.95,10483964169.25375,0.3516050024723674,1.0542793606280225
2025-07-21,13450374379,14147250956,13262421549,13690843441,10773021217.23,10486977548.5,0.35344642306450247,1.3102026067263546
2025-07-22,13690843441,13937186028,13147369542,13856684173,10820751363.24,10485364009.18875,0.35233874568260753,1.456707818001258
2025-07-23,13857029674,13911273414,12394176216,12848510722,10861699046.865,10474665910.93125,0.3436543512305745,0.8097194710370111
2025-07-24,12848856224,13384038086,12153016152,12856802759,10899343618.75,10459815165.85375,0.33639528398185414,0.658595915325452
2025-07-25,12857493762,13833190069,12410760290,13648692255,10955837919.625,10447814395.2825,0.3481076710726153,1.0840840581835742
2025-07-26,13648001252,14998566714,13596867026,14368371932,11030703092.005,10444079522.065,0.3704968937608564,1.2669189010336879
2025-07-27,14369408436,15295698026,14245027887,14945359479,11105443515.655,10446223532.56,0.3810016502541156,1.4215716996078682
2025-07-28,14945704981,15348559759,13417206233,13505654623,11171813772.91,10446116813.03125,0.3701944534721915,1.0672197298447141
2025-07-29,13505654623,13841136604,12965981241,13172245651,11212927157.425,10438273317.44625,0.3495931725540081,0.9158173732334389
2025-07-30,13172245651,13271750091,12517865762,12980146803,11237105229.09,10427454858.05375,0.3418722506386486,0.636913568927179
2025-07-31,12980492305,13681514900,12408341779,12487116127,11261220262.225,10419038134.7025,0.34097739075975486,0.07475712214201119
2025-08-01,12692095069,12758470442,11787072131,12144937235,11284097200.2,10410777313.47625,0.3355831413553382,0.08256552423808272
2025-08-02,12145639620,12407277994,11468891773,11708053830,11311825127.13,10400349029.71125,0.33052758599694615,-0.019983754106559774
2025-08-03,11708756215,12229223423,11526838527,12101389372,11347372510.35,10389311765.465,0.32873306223597926,0.004473759765893761
2025-08-04,12101740564,12765143098,11974257706,12606755304,11391484266.475,10378818613.85625,0.3345094599388809,-0.1890055150644797
2025-08-05,12606755304,12650654360,11744226652,11979174400,11429989598.515,10367576078.48875,0.3318511670876055,-0.46798836948882316
2025-08-06,11978823207,12390069564,11690143015,12285414214,11473123772.25,10354297021.06875,0.32767602577208194,-0.2912823535773864
2025-08-07,12285414214,13317568819,12094014330,13310544970,11536444873.355,10346835742.91,0.33846927673449073,-0.10875248634577422
2025-08-08,13310544970,13646636143,13056632830,13483682847,11611808146.21,10345807591.395,0.348913845520299,0.1109503590526173
2025-08-09,13484034039,13978864198,13442944523,13689832814,11696575278.135,10346015980.3475,0.35313877152152473,0.11519930883577807
2025-08-10,13689832814,14049453881,13284556729,13611516898,11791389481.76,10345529859.215,0.3502869993283195,0.05024826246525295
2025-08-11,13611868090,13970084387,12722297620,12833625626,11888406965.135,10346480903.82375,0.33822307217874054,-0.18151916195920081
2025-08-12,12833625626,13812047786,12654166285,13633642022,11974263415.15,10348128232.2325,0.3350805264300976,-0.031651361603538
2025-08-13,13634344407,14297044556,13397640697,14060692039,12059599011.555,10354579748.7525,0.34124293347421275,0.31391469110826614
2025-08-14,14061394424,14684761019,12831518471,13192193115,12145118217.26,10362527543.2,0.339421417733356,0.1003383047361206
2025-08-15,13192193115,13638909909,12717380925,13043989902,12225988443.62,10370542714.5625,0.33401943828563296,-0.11483407590661994
2025-08-16,13043989902,13285610306,12890167610,13258568488,12306600476,10378825644.0125,0.3346651952999266,-0.21350773963495084
2025-08-17,13259270873,13683511350,13142674980,13225907590,12385457253.02,10389644110.24875,0.3383497543202391,-0.3235854015887917
2025-08-18,13225907590,13267348299,12371807557,12657327017,12449418190.565,10395006495.57375,0.3309246532312228,-0.15008472734780337
2025-08-19,12657327017,12892274765,11997787600,12024127033,12504912096.23,10395002353.56625,0.3250776903395055,-0.2144384832244084
2025-08-20,12024127033,12599731455,11877679782,12491564181,12561128397.715,10395753830.38875,0.32340436973784653,-0.04314882951251474
2025-08-21,12492266566,12580064678,11887864363,11984442287,12612657499.295,10402937746.185,0.32212796234335095,-0.038472959803231156
2025-08-22,11984442287,13259973258,11604100865,13200621734,12657556085.97,10414576545.9525,0.32308782898377003,0.3645809512143234
2025-08-23,13200972926,13354444026,12659434172,13117740316,12715255672.74,10424269415.99875,0.33071203801160987,0.47463435553020716
2025-08-24,13117389124,13514587782,12649600783,12919316583,12776368509.145,10435649944.04875,0.33338519741622186,0.30767106726213944
2025-08-25,12920721353,13123008203,11634303416,11730178954,12822230940.635,10446868006.2425,0.3240287554696155,-0.13180561936218294
2025-08-26,11729827762,12261533128,11677851279,12127377613,12861688486.2,10458561072.3275,0.3166250520089347,0.14181566371865972
2025-08-27,12127728805,12360920591,11982686324,12071186821,12905516600.895,10472692786.6175,0.318014442228596,0.04100773555851888
2025-08-28,12070835629,12392527911,11987954211,12262586705,12942704242.06,10486802751.915,0.31797949213117466,-0.15870698450524154
2025-08-29,12262586705,12288574946,11278896659,11525784950,12952716987.255,10498031010.43625,0.31386085187262386,-0.3809571962830847
2025-08-30,11526487334,11745982614,11326307639,11613231869,12946199820.71,10504309141.5675,0.31112552087093437,-0.40235076570959905
2025-08-31,11613231869,11767405354,11401111630,11412349789,12942771714.12,10509267593.3725,0.30977968715801324,-0.43437137611289484
2025-09-01,11597282012,11914551329,11108351794,11433115662,12934400314.595,10512315949.70875,0.3103584339927069,-0.25281262234398616
2025-09-02,11434900078,11854594922,11392787841,11836750754,12910071910.83,10515669943.24875,0.3102262237337597,-0.3247915043214707
2025-09-03,11837821404,12156161370,11660450369,12090137947,12873868837.57,10521492426.15,0.31424265455946365,-0.3492866492365758
2025-09-04,12089424180,12139387852,11547318340,11731470159,12833751449.46,10529104634.42125,0.3143618204608745,-0.2424794877350334
2025-09-05,11731827043,12331034222,11687930388,12044813759,12797991846.14,10538684655.1775,0.3164646779076775,-0.11813417012233818
2025-09-06,12044456875,12161157738,11826044253,11902774177,12766476409.15,10550558522.03375,0.31913799003490123,-0.2030506719589373
2025-09-07,11902774177,12213262710,11902774177,12127967584,12745095570.235,10562293455.4675,0.3191951092438352,-0.12654967191654623
2025-09-08,12127967584,12538740344,12006270355,12489490439,12721789865.775,10572241508.65,0.32249729139955813,0.1161324048530496
2025-09-09,12489490439,12907043982,12228251811,12380997894,12699064334.78,10582557791.09125,0.326478427881144,0.26552347802253845
2025-09-10,12381354777,12942732319,12336744356,12920248667,12678809319.455,10594062056.59,0.32783801144496805,0.2816607655634573
2025-09-11,12920248667,13114750104,12711115012,13089054501,12672930210.745,10606442224.0975,0.3309219297670314,0.4829356190072539
2025-09-12,13089054501,13301400107,12797123904,13281057755,12679059825.975,10623907760.94375,0.32939862473997533,0.18346472635745686
2025-09-13,13281057755,13858495048,13236090450,13619383190,12685284276.31,10647236110.72,0.3361186141012371,0.2953115032809335
2025-09-14,13620453840,13651145810,13005900676,13161858709,12669422036.865,10668965364.45375,0.3341900052246462,0.22758056801296606
2025-09-15,13161501826,13288909189,12360298658,12574785564,12632072043.91,10689195168.48875,0.3237780919418797,0.41277042333738495
2025-09-16,12574071797,13044087197,12382782311,12851013293,12600246188.92,10710331480.115,0.3202650958066355,0.36986172384188
2025-09-17,12851013293,13567635101,12590845316,13464138924,12595189261.495,10730946985.75875,0.3280739783069224,0.5637351599507987
2025-09-18,13464495807,14191110350,13401684334,13884547534,12610188410.085,10751869378.95875,0.3401808917532161,0.6224423933166168
2025-09-19,13884190651,13978764744,12897051248,12986628974,12621134262.615,10773093882.59875,0.33533058256721626,0.6032261821714121
2025-09-20,12986985857,13245726301,12926315684,13059433182,12635313693.35,10798541421.93375,0.32796399834596707,0.5955191034245456
2025-09-21,13059433182,13153650391,12820321323,12887058514,12656266694.315,10822671057.965,0.3263953435039739,0.6118359003974233
2025-09-22,12887058514,12960576488,11612271114,12012337372,12665796874.07,10841108655.24375,0.3181006977830604,0.3385225756826008
2025-09-23,12011980489,12209693876,11712912224,11857449989,12657517573.6,10858224587.075,0.31192774071929014,0.16834935050962965
2025-09-24,11857449989,12281070550,11559095491,12006984122,12651136520.78,10877583644.62875,0.3111985056637743,0.13833674144918107
2025-09-25,12006984122,12031252191,10967382863,11108708678,12639985910.05,10897407529.415,0.30646296270905266,-0.007148406094376545
2025-09-26,11108708678,11621550081,10970951697,11501994152,12610964221.425,10918718726.76625,0.30477677459816427,0.020747090408953298
2025-09-27,11502351035,11534470539,11254673976,11347820536,12571673317.905,10941754245.8225,0.3057858308268431,0.015329355751705614
2025-09-28,11348534303,11730042626,11053391755,11703276373,12527871165.32,10963152976.825,0.30386525820666704,0.05570909620561647
2025-09-29,11703276373,11886000659,11448461647,11715053524,12488458324.725,10986322705.00375,0.304127482708397,-0.02565606699584943
2025-09-30,11713982874,11825687369,11259313460,11640464900,12454966189.125,11008594767.16875,0.3010627648873816,-0.006316768698623333
2025-10-01,11641178667,12607261951,11479867383,12569075430,12431785697.685,11031710515.1525,0.30762599902832527,0.10721313260069207
2025-10-02,12769504036,13217645863,12635351547,13012428813,12413011740.485,11059972924.025,0.3187455528533316,0.18140798604735314
2025-10-03,13013153961,13303938544,12783281859,12983422869,12399581391.505,11088547187.54875,0.31601002841266096,0.11290166227881246
2025-10-04,12984873166,13167248036,12672334125,13147306450,12396477831.135,11116770612.05625,0.31469577422768913,0.057738986631619874
2025-10-05,13145493578,13386968058,12782556711,12929761874,12395310050.71,11144349091.5775,0.31439251680593294,0.10744512015941478
2025-10-06,12930124448,13415974001,12836580280,13140417538,12390368708.08,11171415667.21625,0.311889545688314,0.33374401618733057
2025-10-07,13140780112,13302488247,12488508959,12514251734,12389986901.025,11199237890.80375,0.3089755697392607,0.0700128200639899
2025-10-08,12514251734,12931937319,12430497072,12824615329,12395635826.22,11226760004.06,0.30633601453102005,-0.010747242348753188
2025-10-09,12824252754,12840206023,12075899413,12358707362,12401165641.725,11253362905.5725,0.3044758991787354,-0.2518735286100101
2025-10-10,12358344787,12618310556,3424876775,9449773806,12345698981.875,11263438094.59125,0.24973100826416675,-0.8793489861350817
2025-10-11,9461738758,10219881605,9019035546,9228603488,12285099588.14,11272520298.75375,0.25777229032109406,-0.9604325322489261
2025-10-12,9228966062,10429086973,8853339094,10191238236,12216949782.765,11280605893.85,0.25790979306337036,-0.642645259288623
2025-10-13,10191600811,10937416132,9966804749,10853298896,12165690914.345,11290095252.72875,0.27088722928238157,-0.20367481381541214
2025-10-14,10855111767,10881942265,9625259764,10233659429,12126629720.84,11300272830.93375,0.2721926377653166,-0.36365130063415296
2025-10-15,10234384577,10484560840,9604230455,9722429675,12087874799.665,11312262772.4625,0.266295072638933,-0.5756889643480365
2025-10-16,9722792249,9944325143,9062544461,9127445260,12034447722.525,11322365024.4975,0.2576435035117618,-0.530575039710339
2025-10-17,9127445260,9226065468,8278296265,8837023251,11968222351.465,11330408317.66125,0.2480498045976943,-0.742318939164919
2025-10-18,8837023251,9158626649,8769947007,9072333967,11910632789.535,11336812058.25875,0.2501431063628047,-0.6213230544776376
2025-10-19,9072333967,9639762736,8858415134,9364931422,11864249958.55,11344340284.39,0.2558051704114284,-0.6213054431927099
2025-10-20,9364931422,9718441358,9145573974,9338826073,11821118329.475,11353968259.34125,0.255553018398037,-0.6395655428234882
2025-10-21,9338826073,9737657795,8957397916,9028099903,11776161733.925,11363940208.9825,0.25204782909232115,-0.7268589596660716
2025-10-22,9028099903,9071608819,8505267772,8638695112,11719784923.98,11371714833.12375,0.2448841740544095,-1.083873580621149
2025-10-23,8638695112,9080310602,8601349960,8809830179,11656712997.795,11382137710.39375,0.24170038745690714,-1.1253882834638105
2025-10-24,8809467604,9181831404,8710847397,9152462886,11598448041.595,11395481918.85625,0.24302802860599526,-1.0125488910447802
2025-10-25,9152462886,9299668049,8945070390,9187632592,11542394184.12,11408824444.16125,0.24632134011400558,-1.0372664932786388
2025-10-26,9187995167,9730043735,9056380698,9706838980,11491128311.805,11422229788.42625,0.24923881078916166,-0.8273248802111247
2025-10-27,9706113832,9858395035,9343176964,9466452224,11442265108.84,11435206926.34625,0.25027624177145014,-0.9499762838320615
2025-10-28,9466814798,9633236399,8941807222,9084661493,11382085364.79,11446503479.725,0.2449404203897251,-0.927580406753056
2025-10-29,9084298919,9397200534,8854426817,9109679119,11314284471.105,11455152461.9,0.2448291596267162,-0.9907386858988769
2025-10-30,9108953971,9212650219,8009991288,8305851911,11234566307.455,11461094373.9275,0.23792510785571697,-1.1454758294565126
2025-10-31,8306214485,8701783039,8295337257,8569443422,11144754357.05,11467082256.7,0.23271139700850849,-0.1981875539380961
2025-11-01,8700812772,8841807538,8583010357,8759345848,11056836058.29,11475700380.18125,0.23827718277412732,-0.025261043386384525
2025-11-02,8759345848,8817510790,8407779264,8665472048,10960111465.825,11485286317.57,0.23593878191591847,-0.42577554180008964
2025-11-03,8665103915,8697131447,7398359818,7618503081,10854810161.955,11491665026.03625,0.22613269338459738,-1.0338234552468357
2025-11-04,7619239346,7756552787,6732408038,7270985956,10744778616.405,11493888408.9675,0.216383493906004,-0.9987983358926233
2025-11-05,7271354088,7617398684,6920523770,7480453376,10636967493.005,11495709910.66375,0.21792805507812626,-0.757337735796466
2025-11-06,7480453376,7570277717,7005194256,7242639750,10521092155.33,11497712267.9425,0.21710334381134272,-0.6593072351734197
2025-11-07,7242639750,8071674248,7107903237,7894602492,10397967063.84,11500251728.62625,0.2243543222126736,-0.2507643226748699
2025-11-08,7893498095,8094130333,7586475550,7809563874,10286152225.015,11499757991.1925,0.2297950575370977,-0.38597222070534803
2025-11-09,7809195741,7988476292,7550030427,7894234360,10181269603.995,11492580624.2025,0.22694356903887447,-0.45476992460999593
2025-11-10,7894234360,8210828351,7780849535,7960498218,10080899339.265,11481190844.15625,0.2267478945035504,-0.4202605763779379
2025-11-11,7961602616,8118427081,7373326804,7390260901,9987756208.835,11463076226.56875,0.22136637245765506,-0.5659010474177576
2025-11-12,7390260901,7721580195,7177848421,7240062822,9896444787.64,11442926435.97,0.21622485466139624,-0.48752573338220756
2025-11-13,7240430954,7557761211,6704061832,6894018227,9799903148,11420901953.88625,0.21172467852123805,-0.7233872307465983
2025-11-14,6894018227,6913161119,6286599523,6404033805,9701820572.1,11395682151.69125,0.20490692216529882,-1.0750197801349828
2025-11-15,6404033805,6646265022,6393357961,6509319714,9605569431.57,11370668955.86125,0.2029503540611159,-1.0377424344301678
2025-11-16,6509687847,6552023090,6048785897,6178368553,9503817178.075,11345726678.89625,0.1988020653970659,-1.3433561745758351
2025-11-17,6178368553,6380105190,5815757994,5952703301,9396275627.98,11316542037.51625,0.19404011585069578,-1.375940158581937
2025-11-18,5952703301,6249050003,5812076668,6137137708,9283266505.365,11288545793.65,0.19454855249961045,-1.177569211598531
2025-11-19,6137137708,6179104819,5555488282,5913681251,9169996322.65,11261973335.24125,0.19269810042502947,-1.289577535987788
2025-11-20,5913681251,6102165116,5450202373,5506158521,9043370441.8,11235914159.19,0.1905973010442324,-1.2311613020281542
2025-11-21,5506526653,5586779549,4839838609,5115569887,8890439363.995,11206289296.9225,0.18295799083865846,-1.5112179653517275
2025-11-22,5115938020,5148333684,4826217705,4949542108,8730220535.415,11175770379.36125,0.17514456664747696,-1.6466237003436832
2025-11-23,4949542108,5179624951,4938129999,5036053257,8570878478.105,11145152009.8,0.1731406970472898,-1.5782560542193431
2025-11-24,5036053257,5767164497,4939970662,5622488406,8416482961.11,11110167657.11875,0.18058067145785434,-0.912436559431296
2025-11-25,5622488406,5941659325,5372158273,5755752388,8268327771.735,11072289472.51,0.19046529642387802,-0.6848899090705979
2025-11-26,5755016123,5760538111,5410075926,5679917083,8124125362.69,11033474826.5725,0.1875068978276749,-0.8220276079226218
2025-11-27,5679917083,5831587693,5587147681,5681021481,7984517225.11,10993903464.8075,0.18541761659139222,-0.7155401519305028
2025-11-28,5681389614,5889016371,5540026715,5600768586,7847577903.78,10955157875.50375,0.18453143121968688,-1.0336857309945404
2025-11-29,5600400453,5637213708,5473026591,5519043160,7769469793.72,10916368724.675,0.18190749301449843,-1.0453160046701067
2025-11-30,5519043160,5779681004,5506894786,5512784907,7691415516.02,10877847792.43875,0.18270902793612717,-1.0808591617171568
2025-12-01,5512784907,5526773943,4813333065,4953591566,7601934781.6,10839716619.79375,0.17626800618193594,-1.403743479554998
2025-12-02,5027953688,6166203182,4977879679,6084365808,7503471190.445,10803590216.83875,0.18641755808193447,-0.5453703958208539
2025-12-03,6083992122,6686748666,6043260278,6319414702,7421158403.16,10771905511.965,0.20224355762405188,-0.3279339329041977
2025-12-04,6318667329,6427410140,6027191753,6199834979,7345795896.43,10738675906.42625,0.2001558930486376,-0.20685558055351075
2025-12-05,6199834979,6266351200,5728989818,5814564057,7276559061.135,10704663559.49,0.19681318313245316,-0.1511211166444732
2025-12-06,5814564057,5852680094,5648273504,5843711615,7215011056.265,10669275105.915,0.1921038450381072,-0.19679802544846264
2025-12-07,5844085301,6206561338,5653505117,5919943689,7153941879.12,10633480424.84375,0.19543371293204553,0.06281645220039973
2025-12-08,5920317375,6198713919,5876222352,6019718020,7089339521.155,10597778747.29625,0.19653598595069838,0.29088720924768047
2025-12-09,6019718020,6456557698,5881453965,6201329726,7024295954.065,10566021645.96125,0.19800875043774804,0.28745762954618553
2025-12-10,6201329726,6412836362,5980480924,6035412859,6962136344.985,10536407200.90125,0.1966805416673486,0.33095840573032625
2025-12-11,6035039172,6109776500,5686015854,6024202260,6905193155.885,10506380639.265,0.19275104303257687,0.6467360443474416
2025-12-12,6024575947,6221508804,5748421523,5828390463,6848656710.305,10476858053.6225,0.19417017321865382,0.8311716676482502
2025-12-13,5828390463,6051481384,5817179864,5999912629,6787868485.55,10446783295.31375,0.1949005897925838,1.1316119968338192
2025-12-14,5999912629,6140418804,5708063366,5804848205,6723210530.985,10415653639.10125,0.19650219358554005,0.8618782402927772
2025-12-15,5805221891,5995054702,5349324195,5497304103,6648038762.54,10383981714.1025,0.19151374492614387,0.11736586547606438
2025-12-16,5497304103,5732352997,5378471753,5647899817,6567448215.615,10355724115.40125,0.19003089403939827,0.12673521006223168
2025-12-17,5647899817,5771963781,5240207698,5319429264,6491713118.855,10329770236.3425,0.18771808886507996,-0.06607221298261795
2025-12-18,5319429264,5507019956,4958447974,5030569495,6413562425.355,10299983112.1175,0.18048011617508006,-0.28903096534377387
2025-12-19,5030569495,5594836315,4963679587,5536167513,6346001452.96,10270032110.7775,0.18162864069745888,0.16010191165818682
2025-12-20,5536167513,5546630739,5422940463,5433030002,6286331405.53,10241428755.0475,0.18553185897871952,0.1424331303653756
2025-12-21,5432656315,5517856868,5284676407,5399398205,6220079461.93,10213829741.23625,0.182664032091159,0.12069583249411718
2025-12-22,5399398205,5571667744,5344092582,5461803873,6155713734.2,10189236848.99,0.1829450664002793,0.6528215385516472
2025-12-23,5461803873,5493567237,5257397283,5364271661,6101703443.165,10164159683.4975,0.18327711936908933,-0.3132770793328923
2025-12-24,5364271661,5376603320,5189012628,5286171154,6060887806.345,10135795495.57875,0.18147653572661007,-0.5147345414258404
2025-12-25,5286171154,5322418757,5057101246,5091106730,6018223146.19,10106812650.25625,0.17768443269433903,-0.5869515925296825
2025-12-26,5091106730,5299250186,5068685532,5221523366,5975133149.765,10076085431.00375,0.1768066099676273,-0.24684871039504894
2025-12-27,5221523366,5441998481,5207323274,5419203596,5929999294.715,10043814999.4325,0.18156579741820422,-0.10967852344887757
2025-12-28,5419203596,5492819864,5336618850,5401266638,5881330500.195,10012459312.5125,0.18386663123209995,-0.17824624637424324
2025-12-29,5401640324,5653505117,5345587329,5377350693,5834011233.41,9983672932.73875,0.18453626197864026,-0.2570996574763902
2025-12-30,5376977006,5421819403,5295139633,5354182122,5782019771.91,9957752733.155,0.18210715333694602,-0.38312740423264213
2025-12-31,5353808435,5444614287,5181538896,5241702444,5733910005.21,9933708899.61625,0.1798984261050915,-0.3444689264128246
2026-01-01,5319674417,5590815507,5282890241,5574509120,5695100689.94,9910136829.41375,0.18422617146092865,-0.06516511529161073
2026-01-02,5574509120,6214250405,5534691198,6090625236,5670189708.615,9887804743.9775,0.19457782134342783,0.5229808226024341
2026-01-03,6090246018,6411443925,6090246018,6315501693,5662237833.515,9869292021.97875,0.20464587401574477,0.5713015280971019
2026-01-04,6315501693,6639733346,6306779672,6416373763,5660864893.375,9853460854.93125,0.20866305582485245,0.8367905344214158
2026-01-05,6415994544,7385276538,6296161559,7202114096,5670918300.125,9839554235.57875,0.21755877689548989,1.8674220934503047
2026-01-06,7202114096,7650350135,6872194168,7218420483,5693999019.345,9828680272.695,0.2286120537425312,1.706131670135976
2026-01-07,7218420483,7496008284,6836547647,6902152414,5715509825.085,9819656034.23375,0.22711353274839033,1.8040995059197018
2026-01-08,6902152414,7033361949,6600673860,6882812281,5733677767.305,9811761811.05375,0.22305435226482304,2.1597453372441398
2026-01-09,6882812281,7011367287,6706475768,6863472147,5756137368.415,9801389230.7625,0.2239064182993225,1.513262202779302
2026-01-10,6863851365,6999232301,6741743070,6797488162,5787905369.415,9787738871.3625,0.22409811927930667,1.5705881804231712
2026-01-11,6797488162,6946141738,6698891402,6803176436,5823933700.52,9774713461.175,0.22228262313026237,1.6151142258874909
2026-01-12,6803176436,7010988069,6617359465,6675000648,5858949572.035,9763073581.22375,0.22040544890906028,1.4245399238395824
2026-01-13,6675000648,7313225060,6642767092,7126270434,5890907504.095,9752325247.97875,0.220529295944939,1.9597892274933224
2026-01-14,7126270434,7337115813,6867264330,7022743836,5919214184.2,9740841979.25875,0.2193157530238339,1.9600058663200337
2026-01-15,7023123054,7038671005,6668174719,6754257274,5943607578.245,9726784508.13125,0.2133129837546124,1.9507712073343166
2026-01-16,6754257274,6816449077,6483874621,6781181774,5963888022.285,9712238292.46125,0.21024784287268858,1.8099464479746321
2026-01-17,6781560993,6885846027,6732262613,6772838972,5986194558.88,9699016625.525,0.21263702307824853,1.563761452495523
2026-01-18,6772838972,6811519239,6422441255,6428129530,6007220784.3,9683761764.7975,0.20852549882936183,1.263436800057252
2026-01-19,6428508748,6428508748,5771702640,5945005406,6018497392.725,9663142145.71375,0.1974517869839535,0.8378808611194807
2026-01-20,5944246970,5964345540,5752741724,5806211506,6031802704.02,9641485735.28125,0.19107493125143693,0.7314881673178716